generation,fitness_max,mean,std,player_hp_max,mean,std,enemy_hp_max,mean,std,time_max,mean,std
1,13.566935642621658,-4.040252410264247,4.905082816511798,0.0,-7.30698425311296,5.9095189316313945,100.0,77.48912599734592,32.41652890907704,297.388039965798,145.45558537883022,52.542831516824286,13.566935642621658,-12.034254886973848,14.651938350588654,204.91344600799658
2,13.596371974194113,-2.166687465485663,5.792241000338835,0.0,-6.702783384244009,5.975761837623009,100.0,64.24635279350856,36.64803909749251,260.0347362034371,154.89188174805997,48.422172360279724,13.596371974194113,-11.952624432604178,14.651938350588654,217.23655771803152
3,17.97117013942536,-0.3583929193802038,6.827039462465849,0.0,-7.230164259827557,5.799831357337024,100.0,49.53258933113218,35.66387435650385,260.0347362034371,161.99613490712417,48.31577186916527,17.97117013942536,0.0,33.78910072166086,242.8156516492439
4,22.027769193301786,3.463241287043694,7.784575288143801,0.0,-9.315050880543678,5.200536822403712,100.0,34.8168274294612,30.530836041519127,297.4375145687653,166.33002647723083,56.08941424763073,22.027769193301786,-11.698101200624997,8.985297750523355,252.00343561778834
5,33.79863698572576,6.213928240796746,9.058325645938377,0.0,-9.680404747585781,4.886454149093642,100.0,28.422988207040408,25.152076577614128,297.4375145687653,175.93728411691478,52.87291995709945,33.79863698572576,-8.272901124206342,-1.113807855648993,248.86042682333323
6,33.79863698572576,8.7162530358565,9.285084599251833,0.0,-9.496037295032492,4.751781985548244,100.0,24.746130666349195,22.145286318325866,297.4375145687653,184.09239438135745,54.04916033390762,33.79863698572576,-8.272901124206342,-1.113807855648993,248.86042682333323
7,33.79863698572576,10.26187097797175,9.550307840680246,0.0,-9.613569557567727,4.833706580450007,100.0,21.041353038381047,19.569758991642303,423.24695332548197,191.6663388880155,58.53521855003853,33.79863698572576,-8.272901124206342,-1.113807855648993,248.86042682333323
8,33.79863698572576,13.111115250682019,9.779727030461371,0.0,-10.536292515641254,4.787984691982308,100.0,18.54849945736539,19.332766605934925,297.4375145687653,202.4234197727802,44.41696311563158,33.79863698572576,-8.272901124206342,-1.113807855648993,248.86042682333323
9,40.55361521233214,15.56308137550127,9.588053116928911,5.988043981577924,-9.850146038791323,4.940466194814247,100.0,14.484726351068543,16.51226827470857,297.4375145687653,210.69909164526558,37.51557522128196,40.55361521233214,5.988043981577924,-6.784576865007256,173.54359796269844
10,40.55361521233214,16.895502162394674,8.942684338317994,5.988043981577924,-9.296069115010805,4.879173405818834,93.1698729810778,12.374977031826507,13.25734570472527,277.09055188993113,208.5484011386786,38.20511843267029,40.55361521233214,5.988043981577924,-6.784576865007256,173.54359796269844
11,40.55361521233214,18.226017275583562,8.882477744417415,5.988043981577924,-8.397138084711663,5.079359978374327,46.0208423834364,10.610688736251245,10.322866262890535,277.09055188993113,206.13667595440467,36.38759029063957,40.55361521233214,5.988043981577924,-6.784576865007256,173.54359796269844
12,40.55361521233214,19.252300294542923,8.620258880026977,5.988043981577924,-8.438879309390146,5.323034263233587,100.0,10.240593654088844,13.66547321041466,277.8677176104508,202.80736391398034,36.90943974978186,40.55361521233214,5.988043981577924,-6.784576865007256,173.54359796269844
13,42.51425145530818,19.46677234676645,9.656544754482399,5.988043981577924,-8.380319814684247,5.448684006232752,100.0,10.241105502623329,13.755333133582951,277.8677176104508,201.27716168522014,38.88936481023293,42.51425145530818,-3.7298072836432077,-6.92582403567252,214.0189770606549
14,42.51425145530818,19.280269595343576,10.473387927193857,5.988043981577924,-8.083639212925451,5.471964486562045,100.0,11.384804817888817,17.31531221309875,277.8677176104508,197.01171463947878,37.13238450008597,42.51425145530818,-3.7298072836432077,-6.92582403567252,214.0189770606549
15,42.51425145530818,20.429596776245052,10.708388383145802,5.988043981577924,-8.068412551150317,5.484189539727406,93.1698729810778,9.058046608979888,14.57148666440301,269.99761910160646,197.3756645147278,39.33104761980812,42.51425145530818,-3.7298072836432077,-6.92582403567252,214.0189770606549
16,42.51425145530818,19.998029542077163,11.613678403384649,5.988043981577924,-8.140292814616753,5.616364280274865,100.0,10.005016368618238,17.78916328242648,269.99761910160646,192.67847277698485,39.693899746830226,42.51425145530818,-3.7298072836432077,-6.92582403567252,214.0189770606549
17,42.51425145530818,21.243267126371784,10.498003462620652,5.988043981577924,-7.791676938933446,5.047836519392137,100.0,9.703636508565076,17.581470657321887,269.99761910160646,194.03103909898098,39.0483849983424,42.51425145530818,-3.7298072836432077,-6.92582403567252,214.0189770606549
18,42.51425145530818,21.902202491697885,10.28008884164652,5.988043981577924,-7.510466089805321,4.792205370363438,100.0,8.022633363996453,14.682558331725309,269.99761910160646,196.85756150674933,39.40696602878914,42.51425145530818,-3.7298072836432077,-6.92582403567252,214.0189770606549
19,42.51425145530818,21.835300293516397,10.932516318862033,5.988043981577924,-6.754031985249169,4.710182786143687,100.0,8.468017451510274,17.508036949891085,269.99761910160646,192.1056467672267,43.56620011832921,42.51425145530818,-3.7298072836432077,-6.92582403567252,214.0189770606549
20,42.51425145530818,22.361818354342095,10.629573100065683,5.988043981577924,-6.9618924683891406,4.788200950066002,100.0,5.879880181785295,13.633617578403083,269.99761910160646,194.44916128902278,39.21344857904654,42.51425145530818,-3.7298072836432077,-6.92582403567252,214.0189770606549
21,42.51425145530818,22.797889753038547,10.743218752835975,5.988043981577924,-7.248176376958322,4.754981692753388,37.55439929187751,5.613039242263766,10.365744046272422,303.70551805638405,199.02567917404826,41.209401182522015,42.51425145530818,-3.7298072836432077,-6.92582403567252,214.0189770606549
22,42.51425145530818,21.69406699318134,11.814537633349234,5.988043981577924,-7.517152186827716,4.593166651762885,100.0,7.064123493546167,14.150946210055807,303.70551805638405,196.23287994304974,42.730542917340735,42.51425145530818,-3.7298072836432077,-6.92582403567252,214.0189770606549
23,53.14515686459963,23.72156109469845,11.641138820179165,5.988043981577924,-7.439228376350834,5.004200791045792,77.81754163448146,5.556584567691405,12.124553299706774,303.70551805638405,199.57671308063323,43.09108035817683,53.14515686459963,5.727821169589717,-11.348480035423641,216.59516612971828
24,53.14515686459963,23.16372469813525,11.642128245573074,5.988043981577924,-7.43046966192142,4.866099607836609,73.08043280893408,6.697941082745044,13.5163504293681,303.70551805638405,199.11715784309038,43.09311603582222,53.14515686459963,5.727821169589717,-11.348480035423641,216.59516612971828
25,53.14515686459963,23.604229659452184,11.854351777018465,5.988043981577924,-7.056279457403198,5.087682710519708,29.326430826038386,5.42110387317429,10.094621284640102,303.70551805638405,198.5624369500061,42.63122087312271,53.14515686459963,5.727821169589717,-11.348480035423641,216.59516612971828
26,53.14515686459963,24.15870263548683,12.281678823771921,5.988043981577924,-6.860458312895343,5.0768097941363,100.0,6.094661239582831,13.763578418824796,303.70551805638405,199.90986629088925,43.757688829312265,53.14515686459963,5.727821169589717,-11.348480035423641,216.59516612971828
27,53.14515686459963,25.43189547111797,12.470934654237146,5.988043981577924,-7.197764648684366,5.1545527995824605,100.0,5.431032857219622,15.50178265620785,303.70551805638405,206.9607902526572,39.12449342916167,53.14515686459963,5.727821169589717,-11.348480035423641,216.59516612971828
28,53.14515686459963,24.887336543340208,13.515481295211154,5.988043981577924,-7.3618499540625795,5.521568143678185,100.0,6.871064286316357,19.45971944470432,303.70551805638405,210.3354435948117,38.20520363898332,53.14515686459963,5.727821169589717,-11.348480035423641,216.59516612971828
29,53.14515686459963,25.26038324865694,13.012610989065134,5.988043981577924,-7.689054393588732,5.3968537813321635,100.0,5.098641961450304,15.273538127626418,303.70551805638405,208.66654532620313,39.93049490635487,53.14515686459963,5.727821169589717,-11.348480035423641,216.59516612971828
30,53.14515686459963,27.503185405747423,11.90666461564012,5.988043981577924,-7.75046400447678,5.314203952046808,26.696023956157777,2.2359130178051076,8.324665639555093,303.70551805638405,214.02782099373312,36.530433725266064,53.14515686459963,5.727821169589717,-11.348480035423641,216.59516612971828
31,53.14515686459963,27.326573004912937,12.02114006133653,5.988043981577924,-7.967094480980553,5.339770412132991,95.44281086116926,3.32380434035094,12.97606681966197,287.85792440962734,214.59106709626113,33.62489950807333,53.14515686459963,5.727821169589717,-11.348480035423641,216.59516612971828
32,53.14515686459963,28.318609999505128,11.75367866299609,5.988043981577924,-7.652568314483866,5.424589468854675,29.861395720685103,1.929194277316471,8.414031100867195,287.85792440962734,216.77654134575053,29.84755640169334,53.14515686459963,5.727821169589717,-11.348480035423641,216.59516612971828
33,53.14515686459963,27.897732634964033,12.836410611536344,5.988043981577924,-7.66832319073799,5.649757587466295,35.41960108450192,2.491978516076368,9.540826978272193,314.95347663158634,214.26067836690342,34.187665103894915,53.14515686459963,5.727821169589717,-11.348480035423641,216.59516612971828
34,53.14515686459963,29.160592021522948,12.41034644013275,5.988043981577924,-7.382366221769899,5.871577433137754,38.98529775052336,1.355350533307965,9.297042343616507,314.95347663158634,217.40555630314688,35.92823511427769,53.14515686459963,5.727821169589717,-11.348480035423641,216.59516612971828
35,53.14515686459963,29.970438166983932,12.567923341842743,5.988043981577924,-7.068234048353736,6.098032341133103,100.0,1.9110783862605718,13.749449613276717,287.85792440962734,218.04182532592648,29.872590191702628,53.14515686459963,5.727821169589717,-11.348480035423641,216.59516612971828
36,53.14515686459963,30.403463864277327,12.598147210076895,5.988043981577924,-6.77004322233044,6.162446431903884,100.0,1.0047007729236388,13.160577301193243,287.85792440962734,218.21448190645174,31.768078430783376,53.14515686459963,5.727821169589717,-11.348480035423641,216.59516612971828
37,53.14515686459963,30.72374259874942,12.34044407742278,5.988043981577924,-6.720390569372065,6.278921683742423,80.71731278352955,0.6003885592495485,11.837820546722561,287.85792440962734,220.1166350049158,25.363302194212324,53.14515686459963,5.727821169589717,-11.348480035423641,216.59516612971828
38,53.14515686459963,31.55372897663514,11.408189958408087,5.727821169589717,-6.834865849734829,6.188383621186165,19.5861873485089,-0.8633861128903245,7.053393025413342,287.85792440962734,221.91156210616853,25.851399888579305,53.14515686459963,5.727821169589717,-11.348480035423641,216.59516612971828
39,53.14515686459963,32.93761725790366,10.873599549322904,5.727821169589717,-6.148076167606149,6.13643052037194,22.589399890577646,-1.7620398043358951,6.41948675924546,287.85792440962734,222.72131318885388,23.424507683134376,53.14515686459963,5.727821169589717,-11.348480035423641,216.59516612971828
40,53.14515686459963,32.87059410338093,10.531451785909738,5.727821169589717,-6.339745908012839,6.15022563865701,12.613872124741693,-1.5016340631934488,6.136992503168882,287.85792440962734,225.34263241890187,21.817844500795417,53.14515686459963,5.727821169589717,-11.348480035423641,216.59516612971828
41,53.14515686459963,32.841443708316945,10.884673842970718,5.727821169589717,-6.1684388438883255,6.214402778639681,16.77948568138873,-1.5471368380659474,6.411520961870075,287.85792440962734,225.07044383701998,25.830473490233523,53.14515686459963,5.727821169589717,-11.348480035423641,216.59516612971828
42,53.14515686459963,32.700492518301836,12.204216236327364,5.727821169589717,-5.707763149875088,6.445641007164864,100.0,-0.1508632628436604,14.605785183877693,287.85792440962734,222.48483234287,26.798305263516557,53.14515686459963,5.727821169589717,-11.348480035423641,216.59516612971828
43,53.14515686459963,33.4896506473684,11.206821134889598,5.727821169589717,-5.641881554535429,6.2930680933496825,100.0,-1.118446271566676,11.952739439695888,287.85792440962734,225.0398625614718,25.926778195581267,53.14515686459963,5.727821169589717,-11.348480035423641,216.59516612971828
44,53.14515686459963,32.750845512285196,12.21361365024551,5.727821169589717,-5.773455798248201,6.531871828206915,100.0,-0.4761224371459326,12.573450096325233,274.4000970439499,222.95405263321945,21.094545388993176,53.14515686459963,5.727821169589717,-11.348480035423641,216.59516612971828
45,53.14515686459963,33.03332726885069,12.470860283405727,5.727821169589717,-5.8171144386508296,6.720034684635049,91.40877081724074,-0.31420626142543673,12.316044285322379,295.8205294305447,220.08168205521605,24.59319039284241,53.14515686459963,5.727821169589717,-11.348480035423641,216.59516612971828
46,53.14515686459963,33.80794199422769,10.655394791674436,5.727821169589717,-5.741409289367871,6.374360502210599,17.589399890577646,-1.9762879277610008,6.739474088685591,295.8205294305447,223.05698006668635,18.445463844308755,53.14515686459963,5.727821169589717,-11.348480035423641,216.59516612971828
47,53.14515686459963,34.132211589384525,11.127902756618356,5.727821169589717,-5.292010135519474,6.416679671294447,100.0,-1.70974445241559,12.004001474390718,295.8205294305447,222.93794838276054,22.693917045539788,53.14515686459963,5.727821169589717,-11.348480035423641,216.59516612971828
48,53.14515686459963,33.58737193844599,13.019702482959122,5.727821169589717,-4.993837939402758,6.2260585330373655,100.0,-0.7767655854910223,16.127842640132155,295.8205294305447,222.84136133144932,24.595889391893447,53.14515686459963,5.727821169589717,-11.348480035423641,216.59516612971828
49,53.14515686459963,34.86128564380467,11.16120926981491,5.727821169589717,-4.770170653118859,6.268749238507529,24.5861873485089,-3.4602789797736992,6.145870802168484,295.8205294305447,227.0984306986776,18.174849445905352,53.14515686459963,5.727821169589717,-11.348480035423641,216.59516612971828
50,53.14515686459963,34.83949363246145,11.802221079008467,5.727821169589717,-4.430774581340065,6.30251697278645,24.677467073902477,-3.302222127463497,6.722774957194642,295.8205294305447,224.70997900830704,20.05099103667185,53.14515686459963,5.727821169589717,-11.348480035423641,216.59516612971828
51,53.14515686459963,35.16379206971693,11.233234303551681,5.727821169589717,-3.9759311622362175,6.190589305416642,21.621831982236618,-3.7236012959158615,6.216266989888853,288.075958258215,224.94610211129856,19.698523015382296,53.14515686459963,5.727821169589717,-11.348480035423641,216.59516612971828
52,53.14515686459963,34.69614898127391,12.118795706307054,5.727821169589717,-3.7979535731851235,6.086749109264643,31.908263514236243,-3.4919096731562074,7.59879785850499,284.2154235502712,222.53085863564826,18.663485345179797,53.14515686459963,5.727821169589717,-11.348480035423641,216.59516612971828
53,53.14515686459963,34.61232350578037,11.097953125926598,5.727821169589717,-3.9834785649106688,5.713817111220749,21.08835008437366,-4.063366582206438,5.459003394359625,276.5766818781282,223.16467499394275,18.138424088993823,53.14515686459963,5.727821169589717,-11.348480035423641,216.59516612971828
54,53.14515686459963,34.544030235739804,11.31165082770604,5.727821169589717,-3.5700701202798775,5.630151170999859,21.59427126065696,-4.253041107082819,5.684763762484357,286.23302611413726,220.1458553234528,26.286271070627766,53.14515686459963,5.727821169589717,-11.348480035423641,216.59516612971828
55,53.14515686459963,34.32056478636024,11.479697085097955,5.727821169589717,-3.763947909724263,5.817269232788212,33.88619214435101,-3.758411832726701,7.051707152157421,286.23302611413726,220.85768091388533,22.05040209912601,53.14515686459963,5.727821169589717,-11.348480035423641,216.59516612971828
56,53.14515686459963,35.103206082729145,10.706549320459946,5.727821169589717,-3.762302574420313,5.8910355200492255,22.94931259728687,-4.141012120785906,6.102351947262425,286.23302611413726,224.01472898087678,17.956831937642892,53.14515686459963,5.727821169589717,-11.348480035423641,216.59516612971828
57,53.14515686459963,35.67480288596733,10.275649192163755,5.727821169589717,-3.7083450160954587,6.050594013334225,20.0,-4.457330159027768,5.565787994558737,303.40276165562045,222.9855884585027,17.178480122827136,53.14515686459963,5.727821169589717,-11.348480035423641,216.59516612971828
58,53.14515686459963,35.74754741635325,10.846737869018583,5.727821169589717,-3.7619974807282843,5.900461191077238,22.94931259728687,-4.645711983959481,5.708457207328933,271.10410917381466,219.94685318012282,14.076348307567724,53.14515686459963,5.727821169589717,-11.348480035423641,216.59516612971828
59,53.14515686459963,35.50858978468346,12.109955269745557,5.727821169589717,-3.564444896461181,5.977293481812715,100.0,-3.468389546624182,12.183350106800228,277.3607236236909,221.57523958363544,19.852010336363374,53.14515686459963,5.727821169589717,-11.348480035423641,216.59516612971828
60,53.14515686459963,35.710451583454784,11.049698770641708,5.727821169589717,-3.57963956184773,5.793131631050893,22.94931259728687,-4.405117503307616,5.822739426097792,276.0094948120437,223.60524053694016,16.853393978649294,53.14515686459963,5.727821169589717,-11.348480035423641,216.59516612971828
61,53.14515686459963,34.92843884515669,12.67775168979814,5.727821169589717,-3.7280192622196164,5.870992746854732,38.07417596432748,-3.8675151853473992,8.000800884268648,276.0094948120437,222.9849238094357,17.30428685234109,53.14515686459963,5.727821169589717,-11.348480035423641,216.59516612971828
62,53.14515686459963,34.860641614739706,12.985074954754992,6.09800795360016,-3.822941129260508,6.13266307182514,38.452624903444374,-3.529623821955076,8.599590622712102,276.0094948120437,223.42509299648006,16.91279922985051,53.14515686459963,5.727821169589717,-11.348480035423641,216.59516612971828
63,53.14515686459963,35.64082518453778,11.147635554423056,6.09800795360016,-3.4341238133787364,5.776656998600908,28.985297750523355,-4.7579900207478225,6.278337654334633,276.0094948120437,223.11970537705892,13.850782751219665,53.14515686459963,5.727821169589717,-11.348480035423641,216.59516612971828
64,53.14515686459963,35.9735960892585,10.65555438601802,6.09800795360016,-3.165004996836744,5.639622830967853,22.94931259728687,-5.134648940836694,5.294577896355041,276.0094948120437,222.01586935788626,13.754908785253518,53.14515686459963,5.727821169589717,-11.348480035423641,216.59516612971828
65,53.14515686459963,35.9112807999458,10.551800545390446,6.09800795360016,-3.186718790808695,5.671145248694992,26.37525100502817,-5.2088047251142795,5.743768696259848,307.90865904905434,223.38111072106437,14.97749663244376,53.14515686459963,5.727821169589717,-11.348480035423641,216.59516612971828
66,53.14515686459963,36.418458240572356,10.591973436589326,6.09800795360016,-3.3223851047826467,5.824693159730452,22.361395720685103,-5.441200699115285,5.0638349459037695,307.90865904905434,224.3512601175442,16.56950012446608,53.14515686459963,5.727821169589717,-11.348480035423641,216.59516612971828
67,53.62405489871378,36.203367705729995,10.786391408991664,6.09800795360016,-3.5536339779356036,5.805326629095852,12.361395720685103,-4.927720941210725,4.9413799061758725,307.90865904905434,224.84980108093217,17.41038351287291,53.62405489871378,2.8533248886854317,-7.426342932621772,199.20782727530826
68,59.80624631920413,36.118811640417036,11.453403704847965,6.09800795360016,-3.3442540199653394,5.492745661403822,22.94931259728687,-4.821585760798514,5.610413737892679,307.90865904905434,224.08174611474607,18.15526527154025,59.80624631920413,-4.410092592389063,-4.903559979150106,267.34106428088035
69,59.80624631920413,36.318112835391,11.451076105796549,5.727821169589717,-3.4798279426126144,5.320733415318099,38.452624903444374,-5.079904369102817,5.800420436264524,307.90865904905434,225.9078144088423,17.69266313758288,59.80624631920413,-4.410092592389063,-4.903559979150106,267.34106428088035
70,59.80624631920413,35.76742642940932,11.998895732057768,5.727821169589717,-3.6063187287528944,5.110063669295661,39.40826351423624,-4.6546656504965265,7.095098155545052,307.90865904905434,225.78474953865108,18.146210191456255,59.80624631920413,-4.410092592389063,-4.903559979150106,267.34106428088035
71,59.80624631920413,36.508917438704,11.179111918511094,5.727821169589717,-3.321054033670732,4.8307069303408845,39.40826351423624,-5.463437830102157,5.35635002136179,307.90865904905434,226.4879127559269,19.819120216061425,59.80624631920413,-4.410092592389063,-4.903559979150106,267.34106428088035
72,59.80624631920413,35.98059829683777,10.978182517297542,5.727821169589717,-3.6734325073264325,4.847453607114569,22.94931259728687,-5.32291038289694,4.496983805042485,307.90865904905434,227.234879336475,18.81579433939164,59.80624631920413,-4.410092592389063,-4.903559979150106,267.34106428088035
73,59.80624631920413,35.660900034381086,10.62204939785682,5.727821169589717,-3.8801634039203226,4.910088149090702,13.95147273231236,-5.292026573558598,3.9640779569992977,307.90865904905434,226.5836501252043,19.317287811996266,59.80624631920413,-4.410092592389063,-4.903559979150106,267.34106428088035
74,59.80624631920413,36.11913141924098,10.603952347556515,5.727821169589717,-3.654693639013063,4.6888329704124905,7.370919472861878,-5.528718321143104,3.3849716469640247,307.90865904905434,226.7578429224533,19.718087811889813,59.80624631920413,-4.410092592389063,-4.903559979150106,267.34106428088035
75,59.80624631920413,36.15757823779353,11.14883319318465,5.727821169589717,-3.6781701924779115,4.688338089321277,22.361395720685103,-5.2960233669490115,4.324302669815577,307.90865904905434,226.94503529669174,17.477821261308137,59.80624631920413,-4.410092592389063,-4.903559979150106,267.34106428088035
76,59.80624631920413,36.068749781603756,11.669190093536663,5.727821169589717,-3.6390611206575403,4.5635027449023875,100.0,-4.387428075448951,11.066434313534673,307.90865904905434,226.98663147854634,20.335037299667174,59.80624631920413,-4.410092592389063,-4.903559979150106,267.34106428088035
77,59.80624631920413,36.45126512972213,10.706371019956611,5.727821169589717,-3.848340755544722,4.344911390157553,9.353206510812484,-5.443408326541035,3.1472733675890234,307.90865904905434,230.166668382007,18.99768358870125,59.80624631920413,-4.410092592389063,-4.903559979150106,267.34106428088035
78,59.80624631920413,36.42532429479049,11.754375566954156,5.727821169589717,-3.8062292813087937,4.433752062458136,23.59409722393692,-5.057675845030867,4.4118393810477174,307.90865904905434,229.98712713959685,19.15041933066522,59.80624631920413,-4.410092592389063,-4.903559979150106,267.34106428088035
79,59.80624631920413,36.762397836766006,11.732676464043465,5.727821169589717,-3.9063307734295143,4.131360972100751,38.07417596432748,-4.853435409731869,5.158632342399068,307.90865904905434,231.3030869158313,20.537598139732378,59.80624631920413,-4.410092592389063,-4.903559979150106,267.34106428088035
80,59.80624631920413,36.24302906176508,11.27830543295219,5.727821169589717,-4.074652253964625,3.4223582162871047,12.212807378489998,-5.093322883325593,2.9236038939626323,283.9605116583241,232.99514121405002,18.362078233658135,59.80624631920413,-4.410092592389063,-4.903559979150106,267.34106428088035
81,59.80624631920413,36.21999870708125,13.028425282338661,5.727821169589717,-4.414645027610818,3.7742109757654267,40.8452405257735,-4.307763549716043,6.610054350168858,283.9605116583241,232.1235527995006,20.224205452723005,59.80624631920413,-4.410092592389063,-4.903559979150106,267.34106428088035
82,59.80624631920413,37.00137642967873,11.40019059144237,5.727821169589717,-4.05015408307479,3.1447952262608907,4.258790269825681,-5.44910240809995,2.150954703166224,283.9605116583241,232.17885869650385,19.083039742346802,59.80624631920413,-4.410092592389063,-4.903559979150106,267.34106428088035
83,59.80624631920413,37.362904469190504,11.39535581640488,5.727821169589717,-4.083946577657166,3.0206182696157797,1.1608656178681542,-5.525179104672175,1.8139006262450412,283.9605116583241,234.0569770539931,17.310604567127633,59.80624631920413,-4.410092592389063,-4.903559979150106,267.34106428088035
84,59.80624631920413,37.49965335855751,11.51658367000024,5.727821169589717,-4.231071648683834,3.0034107646825623,3.3618855471419558,-5.403639951949804,2.02068882723935,283.9605116583241,234.45850324246126,17.293734831045256,59.80624631920413,-4.410092592389063,-4.903559979150106,267.34106428088035
85,59.80624631920413,37.76819989729771,12.349875451682621,5.727821169589717,-4.322298958572995,3.2132672201374652,38.07417596432748,-4.925599837807015,4.827299181902055,279.78664799615643,234.58877729573177,18.20333141231532,59.80624631920413,-4.410092592389063,-4.903559979150106,267.34106428088035
86,59.80624631920413,37.59629387723376,13.211644833888897,5.727821169589717,-4.715738141630527,3.376925720191629,41.48529775052336,-4.230611362750938,6.653930204337772,279.78664799615643,233.1283989711193,21.9553514882718,59.80624631920413,-4.410092592389063,-4.903559979150106,267.34106428088035
87,59.80624631920413,38.84331675428307,12.658540787146105,5.727821169589717,-4.507994375245101,3.3763576432071427,38.07417596432748,-4.816685182780981,4.775566608965855,279.78664799615643,234.38588816203,20.804321672494897,59.80624631920413,-4.410092592389063,-4.903559979150106,267.34106428088035
88,59.80624631920413,37.96733796607923,12.562226603529643,5.727821169589717,-4.244982093215215,3.132739880405889,38.07417596432748,-4.7889611452911796,4.886414508913587,269.0979452580568,234.27898169682192,19.03976109831901,59.80624631920413,-4.410092592389063,-4.903559979150106,267.34106428088035
89,59.80624631920413,37.173371267221796,13.504057322326936,5.727821169589717,-4.278487887099933,3.208077239292321,38.07417596432748,-4.251816332130574,6.16366849808351,269.0979452580568,232.85265345599063,22.5921639138749,59.80624631920413,-4.410092592389063,-4.903559979150106,267.34106428088035
90,59.80624631920413,37.58275475341124,12.5679369537113,5.727821169589717,-4.170938148043805,2.9174239936528736,22.94931259728687,-4.832250729058182,3.6899191955699155,274.27249958290156,233.1810313192648,21.768565833373867,59.80624631920413,-4.410092592389063,-4.903559979150106,267.34106428088035
91,59.877376063495696,38.62122937965833,12.776803683104143,5.727821169589717,-4.044748144457952,2.893460052060259,31.277186767309857,-4.9018959589407185,4.24730838351998,278.34392051516244,233.8807896086576,22.61303715381998,59.877376063495696,-5.394753152129805,-4.903559979150106,237.39382960999833
92,59.877376063495696,38.65020662310425,12.737907212793933,5.727821169589717,-4.134322589453372,3.042853616979383,22.361395720685103,-4.905167011751204,3.622857016786586,278.34392051516244,233.90519842216833,21.98211961462886,59.877376063495696,-5.394753152129805,-4.903559979150106,237.39382960999833
93,59.877376063495696,38.53260003092221,12.596162179539423,5.727821169589717,-4.266468198432371,2.867585172170294,38.07417596432748,-4.717822223330224,4.725670189419934,285.2548464476607,233.08571201198905,22.22779821511869,59.877376063495696,-5.394753152129805,-4.903559979150106,237.39382960999833
94,59.877376063495696,38.947792192628356,13.080594221461812,5.727821169589717,-4.55931607359287,3.0251825713298053,38.07417596432748,-4.370593815317669,4.951181714342464,285.2548464476607,233.77279805452517,22.515595090278236,59.877376063495696,-5.394753152129805,-4.903559979150106,237.39382960999833
95,59.877376063495696,38.62060782176528,13.013555794751083,5.727821169589717,-4.38121477920827,2.5571651000791245,38.07417596432748,-4.5291890798499495,4.8950186413744845,292.32815230479275,235.13928730355107,23.16929011727657,59.877376063495696,-5.394753152129805,-4.903559979150106,237.39382960999833
96,59.877376063495696,37.830503771210644,12.777228485807422,5.727821169589717,-4.549262870080581,2.62556155059586,39.353206510812484,-4.495147015578288,4.884321245700575,292.32815230479275,233.52269435305897,22.617844960440586,59.877376063495696,-5.394753152129805,-4.903559979150106,237.39382960999833
97,59.877376063495696,37.632492013918345,13.045799217262333,5.727821169589717,-4.610460853778063,2.853105539706538,31.277186767309857,-4.462308427364062,4.429852612267079,292.32815230479275,234.36685628417726,20.55199572666033,59.877376063495696,-5.394753152129805,-4.903559979150106,237.39382960999833
98,59.877376063495696,37.95133747412696,12.866440670428496,5.727821169589717,-4.463677718132943,2.0843840688101687,22.361395720685103,-4.771511038522829,3.1906791815818276,285.2548464476607,234.81390664855198,17.441864418255957,59.877376063495696,-5.394753152129805,-4.903559979150106,237.39382960999833
99,59.877376063495696,37.28220382998647,12.476304296326676,5.727821169589717,-4.494095853792646,2.1666157826892363,38.07417596432748,-4.640760173966575,4.588377164587273,285.2548464476607,233.8296361329217,17.45368377800392,59.877376063495696,-5.394753152129805,-4.903559979150106,237.39382960999833
100,59.877376063495696,36.99928914404548,11.787311868980519,5.727821169589717,-4.345788009289384,1.8663395558008473,4.177929985155117,-5.0600001059544075,1.7597896374334538,285.2548464476607,232.8051997403818,14.756474842697184,59.877376063495696,-5.394753152129805,-4.903559979150106,237.39382960999833
101,59.877376063495696,37.297163293021725,11.923444889372686,1.7726974646401459,-4.601959415407705,1.6209283423425205,2.6794919243112254,-5.03559017076027,1.4992261087698,293.4178305491185,233.2432211527873,15.82573165121179,59.877376063495696,-5.394753152129805,-4.903559979150106,237.39382960999833
102,59.877376063495696,37.12403383601979,12.501330785020398,1.7726974646401459,-4.709956228644336,1.7880345963321356,39.353206510812484,-4.605088613621762,4.6405852277731245,293.4178305491185,232.45869998645858,16.965010642016214,59.877376063495696,-5.394753152129805,-4.903559979150106,237.39382960999833
103,59.877376063495696,37.818536250291714,11.89774374105787,1.7726974646401459,-4.614354416468106,1.87994639185937,2.6794919243112254,-5.007393041036101,1.7076730222963539,313.88929073791763,233.99580517517265,17.64625569975718,59.877376063495696,-5.394753152129805,-4.903559979150106,237.39382960999833
104,59.877376063495696,37.48900686196283,12.494816629235636,1.7726974646401459,-4.668396025022068,2.0288596509733523,38.07417596432748,-4.677031504725411,4.495002166807367,313.88929073791763,233.0104641275704,18.11957469679298,59.877376063495696,-5.394753152129805,-4.903559979150106,237.39382960999833
105,59.877376063495696,36.6596647772149,13.577358631666117,1.7726974646401459,-4.813148083294497,2.4239151795056655,40.41960108450192,-3.8882599020218107,6.88566683879179,313.88929073791763,230.86196328887672,18.40597698225129,59.877376063495696,-5.394753152129805,-4.903559979150106,237.39382960999833
106,59.877376063495696,38.58301362299526,12.281373095988233,1.7726974646401459,-4.750153341555797,2.0912955074990367,0.8712434778460931,-4.959410514692731,1.7099022347541113,313.88929073791763,231.52307772788924,16.45633448249318,59.877376063495696,-5.394753152129805,-4.903559979150106,237.39382960999833
107,61.2428736596665,39.02356911659294,13.1110100313277,1.7726974646401459,-4.77762763869021,2.2352944559307812,38.07417596432748,-4.651816363877697,4.530380816132248,268.25080128369757,229.86803079810736,14.459725537671567,61.2428736596665,-2.279907629002153,-3.273687548277813,246.213948665054
108,61.2428736596665,39.14081731887844,12.873543139816398,1.7494748908811246,-4.796909311223996,2.242308843239229,22.361395720685103,-4.776353007133044,3.1189034626026633,268.25080128369757,231.09067025875214,15.647604315914748,61.2428736596665,-2.279907629002153,-3.273687548277813,246.213948665054
109,61.2428736596665,39.20080535684127,12.786285274909861,1.1107360598712575,-4.9141622509421605,2.4161434004724542,27.5962965079607,-4.5590434327645974,3.610651829969739,280.7713429447847,232.82861339178817,17.885963710571062,61.2428736596665,-2.279907629002153,-3.273687548277813,246.213948665054
110,61.2428736596665,39.40999632914807,13.624889009596822,1.1107360598712575,-4.861132378090151,2.540066783140968,39.353206510812484,-4.135220393946244,5.380895306452574,281.9574443804886,232.46369621006724,17.344968949770024,61.2428736596665,-2.279907629002153,-3.273687548277813,246.213948665054
111,61.2428736596665,39.34031625625918,13.630689693205515,1.1107360598712575,-4.93160867085941,2.736293748837506,38.07417596432748,-4.0779878523639095,5.2950130517086755,281.9574443804886,232.17376397159535,16.69350460720007,61.2428736596665,-2.279907629002153,-3.273687548277813,246.213948665054
112,61.2428736596665,38.20971865800087,13.290128298540395,1.1107360598712575,-4.964503327015126,2.6052261762778763,22.361395720685103,-4.163955906987725,4.111398302801309,281.9574443804886,232.66283119294812,16.514383489226624,61.2428736596665,-2.279907629002153,-3.273687548277813,246.213948665054
113,68.08405113307744,38.87095379641167,13.27106008139936,1.1107360598712575,-4.971227820600495,2.579804443050028,39.353206510812484,-4.179114042031424,4.73042815761658,279.5850256204243,230.0846707637586,23.314769487320174,68.08405113307744,-4.254663500029654,-3.3972473588516845,128.32493499121625
114,68.08405113307744,39.09269181029133,13.130124348417846,1.1107360598712575,-4.914546614154902,2.541277143324178,31.277186767309857,-4.341259193099245,3.943670661980486,279.5850256204243,228.10777484144037,26.304360792397098,68.08405113307744,-4.254663500029654,-3.3972473588516845,128.32493499121625
115,68.08405113307744,38.79303708838876,13.894279260164135,1.1107360598712575,-5.127812725187449,2.8134959700451363,39.353206510812484,-3.7638077609307983,5.971645345397587,269.1806503545406,225.53164979089254,27.699550085325885,68.08405113307744,-4.254663500029654,-3.3972473588516845,128.32493499121625
116,68.08405113307744,40.53134532376068,13.146660789502254,1.1107360598712575,-4.94229827088155,2.3288197994038855,5.279513956711028,-4.48600817029708,2.1512674104561382,269.1806503545406,225.06728292501026,28.31758665556588,68.08405113307744,-4.254663500029654,-3.3972473588516845,128.32493499121625
117,68.08405113307744,41.09922369419454,14.242238025222225,1.1412467531710107,-5.17198478205993,2.8105137659872677,22.361395720685103,-3.9379043158228164,4.3690327716982225,269.997311859037,225.0452150461781,30.714909639788363,68.08405113307744,-4.254663500029654,-3.3972473588516845,128.32493499121625
118,70.94603170244238,42.40597687604772,13.502832583511319,1.1412467531710107,-5.298336901851984,2.616106128399891,5.279513956711028,-4.289048795804022,2.352680968582778,295.4358649752295,226.53723198354473,33.98228598323066,70.94603170244238,-7.210068277229265,-2.3195682505013053,247.97045112556134
119,70.94603170244238,42.75520038898522,14.384971477181576,1.1412467531710107,-5.651907947857342,2.8567151540218245,39.353206510812484,-3.6781147175731923,4.979171276108316,295.4358649752295,226.64822356878332,34.219933605506164,70.94603170244238,-7.210068277229265,-2.3195682505013053,247.97045112556134
120,70.94603170244238,43.16726867487321,14.157338161527477,1.1412467531710107,-5.9233488028022405,2.932670276277719,31.277186767309857,-3.6344648452508386,4.387428899517415,297.10596104036523,227.79612144390788,36.23476982835744,70.94603170244238,-7.210068277229265,-2.3195682505013053,247.97045112556134
121,70.94603170244238,44.33539444325547,13.184875416265665,-0.6663760257360778,-5.99723545362428,2.651363470545079,2.6253140723345005,-4.019682652293349,2.4636408610472564,280.07808331110465,228.4926853704081,34.52843137238245,70.94603170244238,-7.210068277229265,-2.3195682505013053,247.97045112556134
122,70.94603170244238,44.50124292201631,14.53027447310041,-0.6663760257360778,-6.27118017919091,2.9518877427610763,31.277186767309857,-3.1358808330046624,5.705781779763804,287.6865537589739,225.64907371654357,36.70616707822455,70.94603170244238,-7.210068277229265,-2.3195682505013053,247.97045112556134
123,70.94603170244238,45.73019008802778,14.05089864008668,-0.6663760257360778,-6.153863727906164,2.930571294632886,31.277186767309857,-3.21012313845684,5.600414933045092,280.83616878138747,229.18044259323605,35.49725717888953,70.94603170244238,-7.210068277229265,-2.3195682505013053,247.97045112556134
124,70.94603170244238,46.82849139790586,12.980120874004612,-0.6663760257360778,-6.777984498386997,3.055642704900896,22.361395720685103,-3.029545295301444,4.041860227694793,292.5412181260105,233.18808437315886,36.61397607974117,70.94603170244238,-7.210068277229265,-2.3195682505013053,247.97045112556134
125,70.94603170244238,48.55897251394861,11.595596037305366,2.2273776990923793,-7.166031894456133,3.370693243594222,5.635083268962916,-2.7655709258668373,3.4430096902172345,296.2957098394839,234.95408632837513,38.584243144339595,70.94603170244238,-7.210068277229265,-2.3195682505013053,247.97045112556134
126,70.94603170244238,50.97744963765808,10.145539337402054,2.4715002389917977,-6.942666374976348,3.3891760924250756,7.043854086203645,-2.6116052857501564,3.230225856799471,299.67218105262754,233.3985340425722,38.56209838606999,70.94603170244238,-7.210068277229265,-2.3195682505013053,247.97045112556134
127,70.94603170244238,53.180752861642524,9.728415140001593,2.4715002389917977,-6.956621753727419,3.425463020183086,6.9254689578246165,-2.873751211224955,2.957645712144132,306.1668417368878,236.07429462755945,39.92336992325735,70.94603170244238,-7.210068277229265,-2.3195682505013053,247.97045112556134
128,70.94603170244238,54.207531134737884,9.37005413948881,3.9934289643813976,-6.684697640017541,3.405539742769369,4.543854086203645,-2.9120543890420727,2.8645103644904975,306.07617990688055,237.11751819550724,41.039767001510484,70.94603170244238,-7.210068277229265,-2.3195682505013053,247.97045112556134
129,70.94603170244238,54.22325330161192,9.979789170789934,3.9934289643813976,-6.858368546047711,3.7283445374246154,8.47840657471643,-2.5115495044830354,3.5449147411453006,306.07617990688055,235.51811849798003,43.15965492710457,70.94603170244238,-7.210068277229265,-2.3195682505013053,247.97045112556134
130,70.94603170244238,54.84962448689668,9.388694405352444,3.9934289643813976,-6.473315065395899,3.3514928069391186,4.188611699158104,-3.149970910225574,2.709976830671806,308.6414206122272,234.8786921512979,43.79137706612619,70.94603170244238,-7.210068277229265,-2.3195682505013053,247.97045112556134
131,70.94603170244238,54.86837008635387,9.513396438678257,2.334962666506101,-6.624421881351403,3.0243170800271297,3.616580025417644,-2.980184317789866,2.5558263878524126,306.07617990688055,232.64308632904985,44.338019675649804,70.94603170244238,-7.210068277229265,-2.3195682505013053,247.97045112556134
132,70.94603170244238,54.13782582649521,10.876041878670078,2.334962666506101,-6.606728737264247,3.096888607139433,10.986643944797109,-2.9328638907323894,2.9951628366330465,300.9033013778536,230.9509275924984,41.4670740819816,70.94603170244238,-7.210068277229265,-2.3195682505013053,247.97045112556134
133,70.94603170244238,54.23334791337778,10.585249640061873,2.334962666506101,-6.894452151198871,2.8965568006847286,5.083519346164902,-2.93556223305299,2.8055812274699807,293.29590234630825,225.85642193927708,42.79697722939271,70.94603170244238,-7.210068277229265,-2.3195682505013053,247.97045112556134
134,70.94603170244238,54.92553195779341,10.61372883948257,3.0644570282778467,-7.026809665398044,3.045156998390184,8.563885543634726,-2.7307260278367487,2.8805632838914446,293.46379912874977,229.09332656586204,38.84179566177001,70.94603170244238,-7.210068277229265,-2.3195682505013053,247.97045112556134
135,70.94603170244238,55.198374717476725,10.15411669961671,2.334962666506101,-6.317034966946647,2.9180664121224043,8.563885543634726,-3.336465370613949,2.7118000229780654,287.96157857578964,229.61639833175232,37.55991298950157,70.94603170244238,-7.210068277229265,-2.3195682505013053,247.97045112556134
136,70.94603170244238,55.10947944386966,9.910125668969798,2.334962666506101,-6.401797877951306,3.246372025691308,8.563885543634726,-2.833781400854271,3.0470636827816575,287.96157857578964,228.91082301336675,37.855257900903574,70.94603170244238,-7.210068277229265,-2.3195682505013053,247.97045112556134
137,70.94603170244238,55.70176698706539,9.168956245206772,2.334962666506101,-6.139575267248799,3.1685830027188264,9.663215413019193,-3.4121726001107233,2.9650539903332738,303.7022006453899,232.00818871776053,35.452664722000584,70.94603170244238,-7.210068277229265,-2.3195682505013053,247.97045112556134
138,70.94603170244238,55.06213680923529,10.089340534902492,2.96566441215262,-6.417875857083886,3.272632331274246,9.663215413019193,-3.3547577788418925,3.169726281817093,303.7022006453899,235.21989631603176,34.78440091615014,70.94603170244238,-7.210068277229265,-2.3195682505013053,247.97045112556134
139,70.94603170244238,55.80802555462332,9.589648305565964,2.334962666506101,-6.191709448815468,3.1466636387173805,9.663215413019193,-3.462861070266109,3.1155046530069623,303.7022006453899,233.8293521245296,36.47493981406537,70.94603170244238,-7.210068277229265,-2.3195682505013053,247.97045112556134
140,70.94603170244238,55.767975054925415,9.811466956468404,2.334962666506101,-6.222344390524995,3.209533788108739,9.663215413019193,-3.1792451212643824,3.003260775878835,303.7022006453899,234.8529147793429,37.56385369419394,70.94603170244238,-7.210068277229265,-2.3195682505013053,247.97045112556134
141,70.94603170244238,55.94896355088176,10.31253332920826,2.334962666506101,-6.4949130403959385,3.1385089829182613,10.510421191718201,-2.7777121768253816,3.3282590287415372,303.7022006453899,241.7601038947319,36.68101131334961,70.94603170244238,-7.210068277229265,-2.3195682505013053,247.97045112556134
142,70.94603170244238,57.12156177233464,9.192535380494146,1.867285436019749,-6.417402511362788,2.9138687909085124,10.510421191718201,-2.5983902085518378,3.167969137447135,303.7022006453899,242.62201523490054,33.66278025762788,70.94603170244238,-7.210068277229265,-2.3195682505013053,247.97045112556134
143,70.94603170244238,56.0145426981532,10.231883071088246,1.867285436019749,-6.620289243361798,3.2907153714462294,9.663215413019193,-2.650107868551469,2.946342761856797,311.27424729436416,240.50765630779068,37.183019169024135,70.94603170244238,-7.210068277229265,-2.3195682505013053,247.97045112556134
144,70.94603170244238,55.98678141694005,10.7266862787979,1.867285436019749,-7.018877325492042,2.984349842473253,10.656904373698957,-2.466925249192287,3.0676766270330624,310.8346563281022,239.97824139476745,41.700170313501104,70.94603170244238,-7.210068277229265,-2.3195682505013053,247.97045112556134
145,70.94603170244238,55.16559162223538,10.830895968148031,1.867285436019749,-6.969403305796368,3.2417439765104614,8.265631787577302,-2.666442072634543,2.993114948316966,310.8346563281022,243.69053703630868,37.99355097287923,70.94603170244238,-7.210068277229265,-2.3195682505013053,247.97045112556134
146,70.94603170244238,55.078848474806364,10.460040724771098,1.867285436019749,-6.640128901797258,3.304057318103197,10.785564015670797,-2.6818722443651324,3.5341972788153044,298.5710125569543,240.49863325636724,38.16726792067013,70.94603170244238,-7.210068277229265,-2.3195682505013053,247.97045112556134
147,70.94603170244238,55.319220272262775,9.722738963901913,1.7741571834823375,-6.414743418069285,3.305771722153507,6.726312451722187,-3.2358740530433154,3.1358640164515013,308.78599380773653,235.1189521836404,42.51073323183721,70.94603170244238,-7.210068277229265,-2.3195682505013053,247.97045112556134
148,70.94603170244238,56.11260020780414,9.058614315284384,2.313707183090184,-6.35087815722142,3.3693676393144107,6.9254689578246165,-3.5415019347954444,3.082112964461555,308.78599380773653,232.6608620358294,42.335555258994425,70.94603170244238,-7.210068277229265,-2.3195682505013053,247.97045112556134
149,70.94603170244238,56.29653967004979,9.391861539699429,2.313707183090184,-6.489494361507886,3.5100720293069414,6.9254689578246165,-3.477411930539288,2.6997174976874745,308.4532049301879,234.22469814802926,39.91430780366784,70.94603170244238,-7.210068277229265,-2.3195682505013053,247.97045112556134
150,70.94603170244238,55.536508900323085,10.369535086097285,2.313707183090184,-6.7552984913935825,3.0280370447586686,5.083519346164902,-3.1957291284978337,3.14955330470615,306.85328848818887,240.60187227227024,36.98280314662038,70.94603170244238,-7.210068277229265,-2.3195682505013053,247.97045112556134
151,70.94603170244238,55.96386892873538,9.81388847859034,4.64343038136915,-6.712747388573505,3.1662078724939398,5.083519346164902,-2.9405425674599623,2.8927932197232855,300.3256413081066,241.59755995754,38.81363933375573,70.94603170244238,-7.210068277229265,-2.3195682505013053,247.97045112556134
152,70.94603170244238,55.22384232895567,10.408284671607275,4.64343038136915,-6.83133519020272,3.4419453655941052,7.1611781858498915,-2.817519816218678,3.131471337344287,289.32071571857,239.387839790891,36.26812854186506,70.94603170244238,-7.210068277229265,-2.3195682505013053,247.97045112556134
153,70.94603170244238,55.64184338000659,9.696721487470608,4.64343038136915,-6.677566244221381,3.5897812928212036,4.384471871911696,-2.974375105848608,2.7078757139310086,289.1575390048106,240.375877211239,35.20890524626088,70.94603170244238,-7.210068277229265,-2.3195682505013053,247.97045112556134
154,70.94603170244238,55.84587859862296,9.686540354107906,4.64343038136915,-6.4359455791100455,3.7245218365169888,5.635083268962916,-3.125627035215384,2.8845698177869132,333.00974061179784,241.51287842885438,33.65857377600655,70.94603170244238,-7.210068277229265,-2.3195682505013053,247.97045112556134
155,70.94603170244238,55.345355384768126,9.712258872090837,4.64343038136915,-6.417897939206372,3.7742646050495767,4.50961894323342,-3.319379429661046,2.9329901032743737,298.2905061629717,241.21048620766496,31.91942085288455,70.94603170244238,-7.210068277229265,-2.3195682505013053,247.97045112556134
156,70.94603170244238,55.13922457657527,9.957883023124486,4.64343038136915,-6.542593893168921,3.4655273636234334,8.974656298643435,-3.020143625042108,3.204003371743131,303.8122119120155,246.4907471380672,31.580834182983452,70.94603170244238,-7.210068277229265,-2.3195682505013053,247.97045112556134
157,70.94603170244238,55.63943039085967,9.768422175743842,4.64343038136915,-6.500540227341516,3.566137938071742,5.857864376269049,-3.4290105137886253,2.780974900734012,291.7422550901447,242.5939019942957,30.043346826797052,70.94603170244238,-7.210068277229265,-2.3195682505013053,247.97045112556134
158,70.94603170244238,55.729946324294275,10.595393638882092,4.64343038136915,-6.699631241252671,3.8789196169837274,17.16117818584989,-3.1430300900932986,3.6337250263144982,291.7422550901447,241.62226256581297,32.21697735295137,70.94603170244238,-7.210068277229265,-2.3195682505013053,247.97045112556134
159,70.94603170244238,56.508673882361,10.023897345298767,5.881170865149869,-6.547366506609796,3.4325227392789497,6.9547566450577385,-3.3344031212037977,3.0042075904819265,282.7287658225444,237.05544955485482,34.052131569876224,70.94603170244238,-7.210068277229265,-2.3195682505013053,247.97045112556134
160,70.94603170244238,55.453053975011755,10.49157833991001,2.611508633600188,-6.897680725534715,3.2393422704017034,10.0,-3.0095608034164503,3.135184585872946,290.3952513123701,236.7085502812454,34.165223757893955,70.94603170244238,-7.210068277229265,-2.3195682505013053,247.97045112556134
161,70.94603170244238,55.79478120559845,10.066822490551736,4.796667957655643,-6.666422123091704,3.3810076782305027,4.723916052139252,-3.2834117224698955,2.9702060842510263,299.1903213419665,238.29238097794575,32.715269560690935,70.94603170244238,-7.210068277229265,-2.3195682505013053,247.97045112556134
162,70.94603170244238,55.62815236465547,10.342618888779212,4.796667957655643,-6.69745332416532,3.690468928877167,5.0,-3.3023342189808274,3.157588154691853,292.94446544143216,237.30105396948866,32.32641730905383,70.94603170244238,-7.210068277229265,-2.3195682505013053,247.97045112556134
163,70.94603170244238,56.29000111756008,9.366951827918665,4.796667957655643,-6.625217517535593,3.8944919641093527,11.116580025417644,-2.943114201515145,3.4423945992759024,297.3603226950279,238.0887918247062,32.72033026448552,70.94603170244238,-7.210068277229265,-2.3195682505013053,247.97045112556134
164,70.94603170244238,55.91695322978223,10.111921162069251,4.796667957655643,-6.675260818699183,3.711382074346195,5.0,-2.9837566156378705,3.2150957788497148,304.4336249033489,238.15320359284553,34.03623393560734,70.94603170244238,-7.210068277229265,-2.3195682505013053,247.97045112556134
165,70.94603170244238,54.945500876448335,10.141885749889044,4.796667957655643,-6.7286893487270785,3.759368225269101,6.532850083393516,-2.906615603409706,3.204162093881429,322.4511126539502,242.45467517811772,33.33450806823435,70.94603170244238,-7.210068277229265,-2.3195682505013053,247.97045112556134
166,70.94603170244238,55.36875617978324,10.378264444274938,4.796667957655643,-6.453714261366417,3.863152542110252,10.607316041092872,-2.818073444768347,3.7157467809028795,306.4092559435059,244.75341035139454,30.172653682903494,70.94603170244238,-7.210068277229265,-2.3195682505013053,247.97045112556134
167,70.94603170244238,54.977617530676795,10.358165170612015,4.796667957655643,-6.696185122670763,4.0152088342123005,3.9595037822608425,-2.895448704406227,3.084053314951964,290.798729883392,241.16258488397608,32.78629219550407,70.94603170244238,-7.210068277229265,-2.3195682505013053,247.97045112556134
168,70.94603170244238,54.84437536058995,10.93987251432157,4.796667957655643,-6.669922227427577,3.915946062322327,5.360863498997389,-2.708081551619009,3.2283949198761865,298.94044482858703,238.42975770889427,34.59604419920708,70.94603170244238,-7.210068277229265,-2.3195682505013053,247.97045112556134
169,70.94603170244238,54.36503517929769,11.298617006518686,4.796667957655643,-6.883945898463246,3.7963345257637022,3.9595037822608425,-3.0475980774320046,3.2178464418732253,302.00138122249643,243.84869262915635,32.66352385042684,70.94603170244238,-7.210068277229265,-2.3195682505013053,247.97045112556134
170,70.94603170244238,55.547548273956,10.031284353964567,4.796667957655643,-6.808246887402702,3.771034864793116,7.6141098567053564,-2.842257558927315,3.2368482839486608,322.34382979125917,243.47102666801743,33.03307292181639,70.94603170244238,-7.210068277229265,-2.3195682505013053,247.97045112556134
171,70.94603170244238,57.08893268102718,9.145323110340533,6.563050915954271,-5.959962577415937,3.82701097935241,7.6141098567053564,-3.4780135218416994,2.8402011835293397,322.530616070791,239.07366368018924,32.3261353223433,70.94603170244238,-7.210068277229265,-2.3195682505013053,247.97045112556134
172,70.94603170244238,57.62695817631606,9.384723838121197,6.563050915954271,-6.101219846180168,4.048785750156693,5.635083268962916,-3.1841721730264987,2.6941839499710003,321.43519461220717,237.27062588868722,35.99023212041308,70.94603170244238,-7.210068277229265,-2.3195682505013053,247.97045112556134
173,70.94603170244238,56.5814097972607,10.650697239680204,6.563050915954271,-6.129711727301878,4.034621075840695,12.773035625263706,-2.916421401218343,3.5084810200451484,321.43519461220717,238.85602695845253,33.97894606313164,70.94603170244238,-7.210068277229265,-2.3195682505013053,247.97045112556134
174,70.94603170244238,55.733439821188696,10.933621886709753,6.563050915954271,-6.679311786389735,3.64603750331499,5.635083268962916,-2.901354022382563,2.7137211614203403,321.43519461220717,240.66093468520896,31.299232671754776,70.94603170244238,-7.210068277229265,-2.3195682505013053,247.97045112556134
175,70.94603170244238,55.98463241750262,11.0260484812742,17.399736148675736,-6.861034165378393,4.268717915016891,5.41960108450192,-2.7372457281957945,2.9221633908488163,290.64834214240875,242.85419849149605,27.57781406376551,70.94603170244238,-7.210068277229265,-2.3195682505013053,247.97045112556134
176,70.94603170244238,56.42556657462346,9.973158042907384,17.399736148675736,-6.1075975963225115,4.468737537352427,5.279513956711028,-3.3305339785354358,2.6653073853600224,304.2052632857903,240.73676456812873,31.46746200964934,70.94603170244238,-7.210068277229265,-2.3195682505013053,247.97045112556134
177,70.94603170244238,55.33970502890766,11.666893238355401,17.399736148675736,-5.640195186676915,4.865647731445982,4.4254689578246165,-3.0885858764490717,2.800651689912891,308.44307355899826,240.5193314207426,34.821675304370395,70.94603170244238,-7.210068277229265,-2.3195682505013053,247.97045112556134
178,70.94603170244238,55.887749590591795,11.559268614015416,17.399736148675736,-6.132094849168822,4.780452285437091,10.656904373698957,-2.7638220331358045,2.80593009866863,319.1193972544988,238.8732400391798,34.22977585635941,70.94603170244238,-7.210068277229265,-2.3195682505013053,247.97045112556134
179,70.94603170244238,56.01183757159954,11.157342135780151,17.399736148675736,-5.62442339204152,5.008899535925754,8.452624903444374,-2.8662948409008475,3.1806280456278597,326.675884698833,241.1400149729052,35.0332336663232,70.94603170244238,-7.210068277229265,-2.3195682505013053,247.97045112556134
180,70.94603170244238,54.77973836212317,11.870636012334971,9.969239139054736,-6.917050642997927,4.064105681245044,11.715728752538098,-2.198728887290188,3.557585338859665,321.5939156361834,241.4533136225565,35.000629650327355,70.94603170244238,-7.210068277229265,-2.3195682505013053,247.97045112556134
181,70.94603170244238,55.39734589105479,11.666365596885498,9.969239139054736,-6.9909533448496095,3.986029128676445,6.9254689578246165,-2.14129276673938,2.9167590175451377,319.1193972544988,236.74188200079283,32.48108791260882,70.94603170244238,-7.210068277229265,-2.3195682505013053,247.97045112556134
182,70.94603170244238,54.86551032779418,11.825692797368395,9.969239139054736,-7.189835301004732,3.9588624463687956,9.723916052139252,-2.1350932117965584,3.098756201141632,319.1193972544988,238.89212016292188,31.860391466803478,70.94603170244238,-7.210068277229265,-2.3195682505013053,247.97045112556134
183,70.94603170244238,55.84442255266777,11.376439744589115,6.029337500857984,-7.069401309642155,3.5234692000767103,8.07417596432748,-2.4812050032440673,2.9328689684559714,319.1193972544988,238.81996955714393,34.551081070831984,70.94603170244238,-7.210068277229265,-2.3195682505013053,247.97045112556134
184,70.94603170244238,56.74910888652107,10.831477047175948,10.567387903232529,-6.754824858964521,3.8914698169006314,12.6253140723345,-2.4177562786759363,3.2636961213534934,319.1193972544988,240.68854478659264,34.58858989140143,70.94603170244238,-7.210068277229265,-2.3195682505013053,247.97045112556134
185,75.1527898194762,57.39554208364951,10.403449925137947,10.567387903232529,-6.238729826494359,4.0769244880900475,6.715728752538098,-2.945990600597633,2.9566424601082475,305.2901474729026,236.256085685763,33.89439796593645,75.1527898194762,-3.5848498261355104,-3.209705453537527,233.6905473105026
186,75.1527898194762,56.988472019616125,11.342477942960933,10.567387903232529,-6.182971992933131,4.493710952430219,6.474656298643435,-2.9453160536166614,3.2044571344819404,302.4904605949139,234.49493803808366,30.818708431544618,75.1527898194762,-3.5848498261355104,-3.209705453537527,233.6905473105026
187,75.1527898194762,57.230016155774784,10.764519822680088,10.567387903232529,-6.458109979490692,4.43623793285467,9.5861873485089,-2.908620341303973,3.187034787403152,303.9348976936151,236.63798874113294,30.330179006481384,75.1527898194762,-3.5848498261355104,-3.209705453537527,233.6905473105026
188,75.1527898194762,56.418711949850056,12.869066135860647,10.567387903232529,-6.2747245900176685,4.32243838264184,18.772328550916946,-2.601590626307991,3.7177133774054556,292.39907207967644,237.05911654202413,32.53635513627295,75.1527898194762,-3.5848498261355104,-3.209705453537527,233.6905473105026
189,75.1527898194762,56.662432526686665,12.093693157148625,10.567387903232529,-6.233189679939362,4.26968111772836,15.0,-2.7839815869309428,3.490031908679964,291.5394226804865,237.10560461297803,30.973942253902845,75.1527898194762,-3.5848498261355104,-3.209705453537527,233.6905473105026
190,75.1527898194762,56.62726817316758,12.534249472790309,6.9884191958997235,-6.4569612476418,3.7385600495713596,6.392414214700889,-2.5804463974790806,2.6143817328891594,296.79231715031347,237.8823979464163,31.739231114785866,75.1527898194762,-3.5848498261355104,-3.209705453537527,233.6905473105026
191,75.1527898194762,56.62672191349101,11.985091838922932,6.9884191958997235,-6.6021708230061265,3.683653660774517,4.066507068988795,-2.5478445049395093,2.564749513660437,290.265980073845,238.56501635081383,29.30345907076656,75.1527898194762,-3.5848498261355104,-3.209705453537527,233.6905473105026
192,75.1527898194762,56.72149056335583,11.613823757468428,7.499095617802446,-6.474857862022816,4.027327249068074,4.066507068988795,-2.8220854745229196,2.7370638961118976,303.81936130675433,239.43916666194022,28.28446890999412,75.1527898194762,-3.5848498261355104,-3.209705453537527,233.6905473105026
193,75.1527898194762,56.14339039101323,12.31180090339472,6.9884191958997235,-6.629078358355847,3.755220089179351,12.361395720685103,-2.680129853295798,2.994726033192909,303.81936130675433,239.6114988130422,27.04578342580387,75.1527898194762,-3.5848498261355104,-3.209705453537527,233.6905473105026
194,75.1527898194762,56.81673431268337,11.058292560924372,6.9884191958997235,-6.709101623915465,3.533554219080033,4.066507068988795,-2.8115343122577325,2.7569916085169623,303.81936130675433,242.37458511380547,28.18420335170976,75.1527898194762,-3.5848498261355104,-3.209705453537527,233.6905473105026
195,75.1527898194762,56.496895262036766,11.432351269507594,6.9884191958997235,-6.651727072204383,3.4750039141008044,4.428108611692615,-2.651081061392294,2.8993105262933456,307.45610695901973,239.80267560388612,28.998634004892573,75.1527898194762,-3.5848498261355104,-3.209705453537527,233.6905473105026
196,75.1527898194762,56.657135780451924,11.198280316024487,6.9884191958997235,-6.679216251652778,3.5702021371196464,5.073657067378228,-2.496984896311371,2.5557900576030153,296.3321779387721,235.602033017016,30.209998021162058,75.1527898194762,-3.5848498261355104,-3.209705453537527,233.6905473105026
197,75.1527898194762,56.50435251709346,12.382674087249471,6.9884191958997235,-6.491565825305338,3.6156785714403945,32.086588740373074,-1.9462188209933238,4.301789637961412,291.95000892538405,239.92247120308298,28.016801069767105,75.1527898194762,-3.5848498261355104,-3.209705453537527,233.6905473105026
198,75.1527898194762,56.269113479255054,13.141492063576006,6.9884191958997235,-6.266288836218101,3.8519339706790516,71.11658002541765,-1.7437399548502168,7.823060151467852,302.3739953502853,237.939418326186,31.146312707363474,75.1527898194762,-3.5848498261355104,-3.209705453537527,233.6905473105026
199,75.1527898194762,56.87097485993977,11.188839645116497,6.9884191958997235,-6.626985011866614,4.123671394269191,4.504902432036076,-2.4283607102556326,2.914812454108254,302.3739953502853,234.96707795071276,27.527739632925464,75.1527898194762,-3.5848498261355104,-3.209705453537527,233.6905473105026
200,75.1527898194762,56.20151910814687,11.552642182983647,3.203038361895665,-6.501353725965016,3.806586294489317,10.715423134992744,-2.2346290033803333,3.4183568268479676,302.3739953502853,235.77075370786926,32.678941017823924,75.1527898194762,-3.5848498261355104,-3.209705453537527,233.6905473105026
201,75.1527898194762,54.20808182234074,12.985983634742128,3.769508351997345,-6.285144833352333,3.9375284487527105,6.177964448011544,-2.649616319251666,3.3408624741291257,301.3779001265558,239.8041465207325,26.71583173525369,75.1527898194762,-3.5848498261355104,-3.209705453537527,233.6905473105026
202,75.1527898194762,54.78988137259553,12.297597131101023,3.769508351997345,-5.98610823160234,3.634751542242609,5.493363611356713,-3.3520865957921626,2.832281769933668,301.3779001265558,238.93486416584045,28.238941187510378,75.1527898194762,-3.5848498261355104,-3.209705453537527,233.6905473105026
203,75.1527898194762,54.96079277734841,13.478166134492941,6.807760596853804,-6.193527796986896,4.239653946812939,25.845240525773498,-2.639642114884014,4.706956096004904,298.66660785698946,233.73223047117128,30.89990974649437,75.1527898194762,-3.5848498261355104,-3.209705453537527,233.6905473105026
204,75.1527898194762,55.711495677655364,11.947203660391327,8.429046132813703,-5.772168476291792,4.264684734664841,7.993363611356713,-3.1860191459747718,3.3052121216085504,304.8673924984535,232.50400189289488,32.85830146068093,75.1527898194762,-3.5848498261355104,-3.209705453537527,233.6905473105026
205,75.1527898194762,55.91495928642231,11.650935672303799,6.807760596853804,-6.171199699632316,3.933723240395376,7.70980054225096,-3.3001347989734224,2.9192688865915506,297.38449501505465,235.2636766865466,28.034526090116387,75.1527898194762,-3.5848498261355104,-3.209705453537527,233.6905473105026
206,75.1527898194762,56.210212959951974,11.646590206414684,6.807760596853804,-6.568923839026351,3.9690727163059663,11.458980337503156,-3.072653093961801,3.3535854906660156,297.38449501505465,235.2739042242125,28.254835832688308,75.1527898194762,-3.5848498261355104,-3.209705453537527,233.6905473105026
207,75.1527898194762,56.45415253009543,10.9689820087221,16.5436907992056,-5.927890144548553,4.863079844558645,4.384471871911696,-3.333842698619548,3.0751731697430738,297.38449501505465,234.31093537274947,27.788163121716938,75.1527898194762,-3.5848498261355104,-3.209705453537527,233.6905473105026
208,75.1527898194762,56.9376105648955,11.921796218842223,16.5436907992056,-6.119799392516111,4.883610660875748,4.543854086203645,-2.8366746874692166,2.9635405588158124,301.2210206718636,232.57187547424368,28.147137935562693,75.1527898194762,-3.5848498261355104,-3.209705453537527,233.6905473105026
209,75.1527898194762,56.023528139521886,12.460602218472518,16.5436907992056,-6.032411618435362,4.839541644196131,9.663215413019193,-2.6655403619802036,3.5415924226763185,301.2210206718636,232.19790455474424,33.607830227438185,75.1527898194762,-3.5848498261355104,-3.209705453537527,233.6905473105026
210,75.1527898194762,56.006610912497464,12.47225923246666,16.5436907992056,-5.825806193224201,4.632248899272724,9.663215413019193,-2.8350899730944095,3.7148304063772564,301.2210206718636,233.80241702472853,30.061033267278155,75.1527898194762,-3.5848498261355104,-3.209705453537527,233.6905473105026
211,75.1527898194762,56.36277437428332,10.648951320380354,8.436724828733489,-6.251492698728214,4.289645546609151,5.1141098567053564,-2.940990368876631,3.190804913535018,309.9512835634482,233.37679761024472,31.462346571694223,75.1527898194762,-3.5848498261355104,-3.209705453537527,233.6905473105026
212,75.1527898194762,57.19203641917813,10.290092261569145,8.436724828733489,-6.581128816833237,3.8077235148913813,7.656865167015571,-2.7242221132270443,2.5559442390556404,309.9512835634482,235.0740212248633,30.72402347066408,75.1527898194762,-3.5848498261355104,-3.209705453537527,233.6905473105026
213,75.1527898194762,56.11934024655355,11.948078362426557,3.769508351997345,-6.895856412419605,4.054273006730749,19.80825792344495,-2.421589966506387,3.5698432074744217,305.4252136138465,232.90521624748166,30.90310288369107,75.1527898194762,-3.5848498261355104,-3.209705453537527,233.6905473105026
214,75.1527898194762,55.05953060252776,12.529201079440053,6.172005241891881,-6.776147934954508,3.784138259992231,4.326430826038386,-2.956064621908859,2.6290906118000854,305.4252136138465,233.83899417298548,31.926842801822463,75.1527898194762,-3.5848498261355104,-3.209705453537527,233.6905473105026
215,75.1527898194762,55.98424207269697,11.248925802064727,6.172005241891881,-7.25517869581313,4.0237773100940455,12.573657067378228,-2.2550045250371706,3.151658253941551,305.4252136138465,229.6273213830655,32.72418138645293,75.1527898194762,-3.5848498261355104,-3.209705453537527,233.6905473105026
216,75.1527898194762,56.360694202748036,11.581417460992157,6.172005241891881,-6.942310148833274,4.010594572949789,20.69048676309098,-2.41151478754261,3.6340771143729125,305.4252136138465,232.38889614679104,32.60551204671361,75.1527898194762,-3.5848498261355104,-3.209705453537527,233.6905473105026
217,75.1527898194762,55.27329813993313,11.608346360235334,6.172005241891881,-7.2726169748695835,4.2032837958351275,10.0,-2.2010782781079476,3.057658149674029,317.0882769669673,235.3279935403824,29.59670747804551,75.1527898194762,-3.5848498261355104,-3.209705453537527,233.6905473105026
218,75.1527898194762,55.851139337689766,11.815091495418066,6.172005241891881,-6.707605674300848,4.402047066022331,6.474656298643435,-2.6248871093835464,3.1281818159362786,317.0882769669673,237.19467979923024,29.074784059740935,75.1527898194762,-3.5848498261355104,-3.209705453537527,233.6905473105026
219,75.1527898194762,55.063402714308985,12.836664109771668,6.172005241891881,-6.765207459193452,4.0604835716711385,23.77501000800801,-2.401046480452299,4.022082727727849,317.0882769669673,237.17251361826854,26.460022111387755,75.1527898194762,-3.5848498261355104,-3.209705453537527,233.6905473105026
220,75.1527898194762,55.80432720112455,12.368578284597163,3.5897677950032687,-7.130884185133579,4.078996847081285,5.228219713410713,-2.7303577346673045,2.650017215929592,317.0882769669673,238.2001173284886,26.34086291267015,75.1527898194762,-3.5848498261355104,-3.209705453537527,233.6905473105026
221,75.1527898194762,56.612635212058606,11.247102501049605,3.9090372379072136,-7.077987994083895,3.9594072349034644,7.583519346164902,-2.5270621077096256,3.0549329007288475,317.0882769669673,238.4254436124467,29.019941548900093,75.1527898194762,-3.5848498261355104,-3.209705453537527,233.6905473105026
222,75.1527898194762,56.360392254381594,11.60033604878907,5.822406493988261,-6.783057102441255,4.1103421118783485,6.03219874770998,-2.7743478897607847,2.5805146075249707,328.70392372956337,238.1401869508226,29.230562718313287,75.1527898194762,-3.5848498261355104,-3.209705453537527,233.6905473105026
223,75.1527898194762,55.64515249596989,14.589619423706136,5.822406493988261,-6.683347895786705,4.267361091965586,26.833752096446,-2.1148697976018527,4.5441949492509535,317.0882769669673,237.9373624800086,31.35632015814773,75.1527898194762,-3.5848498261355104,-3.209705453537527,233.6905473105026
224,75.1527898194762,56.434171737466805,12.868996461025556,5.822406493988261,-6.327217609530967,3.879556670787587,6.146073349968596,-2.836927851141057,2.584686547761664,317.0882769669673,238.24665005001788,34.864400758391355,75.1527898194762,-3.5848498261355104,-3.209705453537527,233.6905473105026
225,75.1527898194762,56.815502143752795,13.307486186469125,5.822406493988261,-6.241723366332101,4.322106950794318,19.064017026040666,-2.728906461652153,3.531539652548303,295.03221316348987,233.13139768035467,32.30217223928899,75.1527898194762,-3.5848498261355104,-3.209705453537527,233.6905473105026
226,75.1527898194762,57.22097534598484,12.543692914907364,5.735595469897703,-6.009513470129127,4.138082667482528,7.12204950567239,-3.186315533082976,2.837396582243421,295.3665682640337,229.9417023133157,33.30021855341684,75.1527898194762,-3.5848498261355104,-3.209705453537527,233.6905473105026
227,75.1527898194762,57.73505644576655,10.927965842111549,5.735595469897703,-6.374465156406928,4.071565187628959,4.188611699158104,-2.9093861035797617,2.445400535309358,286.7681274147012,240.1697639478181,26.285479355083147,75.1527898194762,-3.5848498261355104,-3.209705453537527,233.6905473105026
228,75.1527898194762,57.19452125239962,11.649282182705267,5.735595469897703,-5.916700710164324,4.022882579456019,3.080432808934077,-3.2407813657250215,2.757287396211457,291.37720589761875,239.64323361196867,26.210500314395205,75.1527898194762,-3.5848498261355104,-3.209705453537527,233.6905473105026
229,75.1527898194762,57.991243709604845,10.728574526772597,9.342352753649557,-5.565839230987243,4.467921692430532,3.616580025417644,-3.311539236694444,3.0237839838219362,298.8060407691726,238.21500167670845,30.69403220365035,75.1527898194762,-3.5848498261355104,-3.209705453537527,233.6905473105026
230,75.1527898194762,57.627162550715454,11.900159746337083,9.342352753649557,-5.012656513382591,4.884392285570576,6.160865617868154,-3.5965025941729034,3.031394849855473,279.55565813231794,233.2313751289591,33.97604678583347,75.1527898194762,-3.5848498261355104,-3.209705453537527,233.6905473105026
231,75.1527898194762,58.02742951165468,12.004076879580452,9.342352753649557,-5.136978138610791,5.0922525440828075,10.976199467703772,-3.0891897971595976,3.333505709737163,281.01638036774955,231.33222829850132,35.56489850509648,75.1527898194762,-3.5848498261355104,-3.209705453537527,233.6905473105026
232,75.52257030057505,59.187935592911984,11.338649996944936,9.342352753649557,-4.611855478053285,4.807313356718402,6.5479212008828505,-3.1446414503870055,3.4487235209209204,302.6440348597762,227.65523766863163,36.82229704130041,75.52257030057505,0.6892384093410584,-3.209705453537527,203.33895361960253
233,75.52257030057505,57.49051529616376,13.51739005745804,9.342352753649557,-4.917290143203856,4.82633669733897,11.859113591565738,-3.0483169314683347,3.8006372921670684,303.19688761005233,230.535115431006,35.404671020102036,75.52257030057505,0.6892384093410584,-3.209705453537527,203.33895361960253
234,75.52257030057505,58.715359378289826,12.311338042288925,9.342352753649557,-4.480287528490282,5.051163901598707,8.285564015670797,-3.272260737556913,3.4458218045035736,298.89216998066956,230.6853608933338,34.68208594069448,75.52257030057505,0.6892384093410584,-3.209705453537527,203.33895361960253
235,75.52257030057505,58.06456907231726,12.207351009584492,11.231570557638562,-4.44751227076165,5.022167691138481,5.0,-3.720091102036889,3.3600979952578314,300.33602679120315,224.79106508665177,37.79032018654844,75.52257030057505,0.6892384093410584,-3.209705453537527,203.33895361960253
236,75.52257030057505,58.35794173634933,12.384119591808203,11.231570557638562,-4.4867021451805655,5.110126946556819,5.0,-3.4041719846852705,3.4039420095371717,296.1497677556306,225.83361405149256,34.45894963963907,75.52257030057505,0.6892384093410584,-3.209705453537527,203.33895361960253
237,75.52257030057505,57.76512896192663,12.591778260872797,11.231570557638562,-4.770291177515711,5.137965208345675,8.781269555702277,-2.91191620448155,3.37282470674334,296.1497677556306,230.53715188663983,32.15650683988422,75.52257030057505,0.6892384093410584,-3.209705453537527,203.33895361960253
238,75.52257030057505,57.875907885440675,12.18472746368999,11.231570557638562,-4.649232437029678,5.021161536397848,8.781269555702277,-3.319749773503278,3.1876316746475486,309.77143393226345,227.8635464629071,36.649888062782914,75.52257030057505,0.6892384093410584,-3.209705453537527,203.33895361960253
239,75.52257030057505,57.96225585046022,12.366127048400847,11.231570557638562,-5.066010178213036,4.9687134382565405,11.631543939684427,-3.2030298505626105,3.07655265617785,288.81262362642735,225.99363408112808,32.15905679285015,75.52257030057505,0.6892384093410584,-3.209705453537527,203.33895361960253
240,75.52257030057505,57.79534260277712,12.72636503519577,11.231570557638562,-4.329426457623808,5.283236475086528,9.353206510812484,-3.438008499032139,3.104431336541477,286.81386252454377,222.99142871638003,31.78890413118943,75.52257030057505,0.6892384093410584,-3.209705453537527,203.33895361960253
241,75.52257030057505,58.14811203124958,11.20763159048904,11.231570557638562,-4.034884616504806,5.13539397392754,2.163215413019193,-3.939550426665337,2.425076269546394,286.81386252454377,225.63027451609716,32.90740022198739,75.52257030057505,0.6892384093410584,-3.209705453537527,203.33895361960253
242,79.06438704963136,58.466839528834655,11.75075104014921,14.738448739283307,-4.232068829591478,5.857087829295691,6.160865617868154,-3.407436532753826,2.7135192851546286,314.48397518203456,223.21518184496918,38.23893788585565,79.06438704963136,5.857158236169205,-1.8301270189221936,215.67204706625492
243,79.06438704963136,57.74001918787676,12.263573727636762,14.738448739283307,-4.242008119450681,5.895203200466304,6.277186767309857,-3.376809476614206,2.7232574884391485,295.30057044395176,223.59553466260292,33.606428103660285,79.06438704963136,5.857158236169205,-1.8301270189221936,215.67204706625492
244,79.06438704963136,58.193827034361306,12.3645809089551,14.738448739283307,-4.14949561325436,5.906538593729363,9.353206510812484,-3.6278715886359136,3.0962544807503227,295.30057044395176,223.19639125605386,34.76448305738921,79.06438704963136,5.857158236169205,-1.8301270189221936,215.67204706625492
245,79.06438704963136,58.46286943560517,12.18211724618562,14.738448739283307,-4.113781461185797,5.885788250559319,9.353206510812484,-3.279578351850112,2.8412354980221104,286.72650404140796,227.2605964337682,34.55649141413458,79.06438704963136,5.857158236169205,-1.8301270189221936,215.67204706625492
246,79.06438704963136,58.43245049892045,12.355278006106738,14.738448739283307,-4.076697378266506,5.907955318342203,9.353206510812484,-3.1890567827538905,2.8274211151746154,294.05286502078616,229.39125676248554,33.62028499731732,79.06438704963136,5.857158236169205,-1.8301270189221936,215.67204706625492
247,79.06438704963136,57.973363795433514,13.608434361646692,14.738448739283307,-4.704216816907785,6.17187614459144,9.353206510812484,-2.601645226439932,3.180206368681107,307.71157206794635,230.89940591661392,33.7669707211579,79.06438704963136,5.857158236169205,-1.8301270189221936,215.67204706625492
248,79.06438704963136,59.341736409722415,12.087960151284488,14.738448739283307,-4.25816948199493,6.067812824312579,7.94931259728687,-2.765649856953009,2.8723587591831894,307.71157206794635,228.99396321828073,35.48303423240014,79.06438704963136,5.857158236169205,-1.8301270189221936,215.67204706625492
249,79.06438704963136,59.18516234832965,12.055533824795843,14.738448739283307,-4.243672077445007,6.198618768551934,13.17240295855709,-3.1602647145533176,3.3211063542474575,293.4176572023589,229.45644103397368,32.87772813592875,79.06438704963136,5.857158236169205,-1.8301270189221936,215.67204706625492
250,79.06438704963136,59.32100526112094,11.855674201594155,14.738448739283307,-4.022601577658911,6.284738704916757,8.959503782260843,-3.0638896757619274,2.5970655696589597,287.1184029712035,228.44250280315396,34.03480640428332,79.06438704963136,5.857158236169205,-1.8301270189221936,215.67204706625492
251,79.06438704963136,60.10160095123014,11.443216336934388,14.738448739283307,-4.204726923332346,6.216293292290809,8.959503782260843,-3.1076631330086677,3.0274516610421482,305.57738114829897,230.28766432532026,30.569391233911663,79.06438704963136,5.857158236169205,-1.8301270189221936,215.67204706625492
252,79.06438704963136,59.884550567971104,11.84103763638582,9.686329073391036,-5.1583885058019225,6.083852676746516,17.6253140723345,-2.6213850450465634,3.6028496290035705,284.48388351381516,230.3709867568369,32.8166570756405,79.06438704963136,5.857158236169205,-1.8301270189221936,215.67204706625492
253,79.06438704963136,59.42754946445959,12.42271741063566,9.686329073391036,-4.94301215028619,6.328204751286297,6.434625567059104,-2.321267840975555,3.2343593814643254,283.54639458935276,227.70632091867301,31.486999515611874,79.06438704963136,5.857158236169205,-1.8301270189221936,215.67204706625492
254,79.06438704963136,59.4599998967831,11.650162417729444,9.686329073391036,-5.395822452609703,6.596142332372335,6.146073349968596,-2.0788069384120558,3.1107132164369777,283.8729196298242,226.3637001431397,30.87569330458601,79.06438704963136,5.857158236169205,-1.8301270189221936,215.67204706625492
255,79.06438704963136,59.45499468565512,12.499776642810073,9.686329073391036,-4.2535957483398015,6.403304408183848,7.214054305846307,-2.5310732825500017,3.367796200791123,283.54639458935276,223.38028661864575,29.043622170036535,79.06438704963136,5.857158236169205,-1.8301270189221936,215.67204706625492
256,79.06438704963136,59.80668815623113,11.58279212707873,19.12740793877849,-3.615984331654917,6.317914524150351,6.2891007216608585,-3.0292587597417726,3.4410868631992715,288.32180016338054,226.26948590984117,31.716852178514966,79.06438704963136,5.857158236169205,-1.8301270189221936,215.67204706625492
257,79.06438704963136,60.95359979556984,10.855870843943874,9.686329073391036,-4.368008453140934,5.9983838515503995,4.188611699158104,-2.774854830768717,2.8679805535851504,288.32180016338054,222.583428453425,35.44554307048486,79.06438704963136,5.857158236169205,-1.8301270189221936,215.67204706625492
258,79.06438704963136,60.77547892650311,11.392523980030557,7.601347905222731,-4.2583665584556485,5.562013762991203,6.434625567059104,-2.6630279736097515,2.619240999391412,283.54639458935276,228.1175210654754,32.70319981157134,79.06438704963136,5.857158236169205,-1.8301270189221936,215.67204706625492
259,79.06438704963136,61.84135769455057,10.587647462234013,7.601347905222731,-4.453009005174052,5.669212429344178,4.646428928642877,-2.7608757137869326,2.5702979434558206,284.7347320296773,229.49782553413334,32.0556354823257,79.06438704963136,5.857158236169205,-1.8301270189221936,215.67204706625492
260,79.06438704963136,61.744341506531775,10.631252944357934,7.601347905222731,-4.786246248264126,6.060897675737869,6.3284325835077855,-2.6181081121918646,2.7814381186078,283.54639458935276,230.7623468721428,30.377565240640177,79.06438704963136,5.857158236169205,-1.8301270189221936,215.67204706625492
261,79.06438704963136,62.21512907475573,10.178056922042352,7.601347905222731,-4.643928730902927,6.0080226663095315,6.3284325835077855,-2.304942462551239,2.7706153980956336,283.54639458935276,231.27479056205217,31.12280676920528,79.06438704963136,5.857158236169205,-1.8301270189221936,215.67204706625492
262,79.06438704963136,61.93248046161833,9.888484114082399,7.836900510769347,-4.557596851228906,5.970903124091699,6.3284325835077855,-2.319843474686456,2.6735716602282205,284.6301204433072,230.1669559915072,30.081927841494124,79.06438704963136,5.857158236169205,-1.8301270189221936,215.67204706625492
263,79.06438704963136,61.42878617547597,10.148186087447792,7.836900510769347,-4.91422642312356,5.9492859007313035,6.3284325835077855,-2.2809295903461626,3.1748626437754948,291.73329578811274,227.63569482780105,37.06459592934635,79.06438704963136,5.857158236169205,-1.8301270189221936,215.67204706625492
264,79.06438704963136,61.27279201463229,10.76857701243245,7.836900510769347,-4.628644461078983,5.6829823248893865,6.3284325835077855,-2.4849897011805058,3.108088628513831,286.3181084529672,228.36064905758172,36.986910306700835,79.06438704963136,5.857158236169205,-1.8301270189221936,215.67204706625492
265,79.06438704963136,62.196477775799714,9.561763333919318,7.836900510769347,-4.521827950641906,5.548639188645142,6.3284325835077855,-2.3196498924508013,2.855117106117149,286.5680404818871,227.86963717826487,36.83402897594809,79.06438704963136,5.857158236169205,-1.8301270189221936,215.67204706625492
266,79.06438704963136,62.020412559047685,10.472525754360117,7.836900510769347,-4.036554459845241,5.956848647518306,7.043854086203645,-2.3163476154420324,3.1985893048693566,278.30545834083756,225.30961197604458,38.45430942632664,79.06438704963136,5.857158236169205,-1.8301270189221936,215.67204706625492
267,79.06438704963136,61.59135351575316,10.488538713901592,7.836900510769347,-3.9211198712505744,6.171451586003323,6.6027526411483155,-2.4572152540658156,3.164811556919263,287.70825509277574,225.4847945653937,36.735583571706236,79.06438704963136,5.857158236169205,-1.8301270189221936,215.67204706625492
268,79.06438704963136,61.29794087638365,10.555559135046463,7.836900510769347,-4.4249160309840745,6.0918100588887,6.3284325835077855,-2.2727424445755218,3.115964852884954,287.70825509277574,226.71026905805968,35.07494650724234,79.06438704963136,5.857158236169205,-1.8301270189221936,215.67204706625492
269,79.06438704963136,61.966951952644465,10.74333992064183,7.836900510769347,-4.555223849909089,6.101664624512565,8.580589092924946,-2.0002849102940887,2.8742082974752345,296.83934184884964,231.90468519174254,30.24935556633384,79.06438704963136,5.857158236169205,-1.8301270189221936,215.67204706625492
270,79.06438704963136,62.05810900949816,10.643804173471166,7.891762327546203,-4.199250197414485,6.003776736648244,6.3284325835077855,-2.32511486522063,2.6909970228815805,305.9498350468842,229.12436345204347,29.84791952829153,79.06438704963136,5.857158236169205,-1.8301270189221936,215.67204706625492
271,79.06438704963136,62.603203754977784,10.111423701503268,7.891762327546203,-3.628135549910457,6.039382167761147,13.080432808934077,-2.2579977131505906,3.204672493612062,305.60636815062634,227.420824076051,31.883400354997754,79.06438704963136,5.857158236169205,-1.8301270189221936,215.67204706625492
272,79.06438704963136,63.53825094529804,9.564727940724561,7.891762327546203,-3.7136424024580457,6.247379610243979,7.817541634481458,-2.2027233051135577,3.106327788579251,295.0901290126528,227.6130527362284,30.750522863048356,79.06438704963136,5.857158236169205,-1.8301270189221936,215.67204706625492
273,79.06438704963136,63.73697638373203,9.892512639971143,7.836900510769347,-3.4972293662309584,6.3000497503860835,7.817541634481458,-2.213106971255205,2.8441607427801943,295.0901290126528,225.33502574536328,34.04420540470424,79.06438704963136,5.857158236169205,-1.8301270189221936,215.67204706625492
274,79.06438704963136,63.045304241670685,10.873908209366313,7.836900510769347,-3.285556263492644,6.3050572389465485,7.817541634481458,-2.331608383175785,3.0840838802475057,295.0901290126528,222.11893714805944,33.66149423545191,79.06438704963136,5.857158236169205,-1.8301270189221936,215.67204706625492
275,79.06438704963136,63.45073491486726,10.071885343043194,7.836900510769347,-3.4259794476786,6.439779065419476,7.817541634481458,-2.6198445665433727,3.5987916489599194,281.70637700864927,223.7144233988368,30.40702572187028,79.06438704963136,5.857158236169205,-1.8301270189221936,215.67204706625492
276,79.06438704963136,62.54729314126783,11.295881574991743,5.857158236169205,-3.666557814124153,6.194627237580917,7.817541634481458,-2.6045015731324384,3.5785233694430536,294.74856086207603,224.77848352802496,31.932750999556333,79.06438704963136,5.857158236169205,-1.8301270189221936,215.67204706625492
277,79.06438704963136,63.51076136801119,10.443730282750623,9.274449786766809,-3.287039579149141,6.101903767630645,8.802174071123252,-2.220478116633694,3.2368639569020967,325.94937790125266,226.0777638938859,35.96479476418646,79.06438704963136,5.857158236169205,-1.8301270189221936,215.67204706625492
278,79.06438704963136,62.707560605381595,10.705867003745368,9.274449786766809,-3.094914447998925,5.813101791066412,8.802174071123252,-2.340549268589925,2.683486285994002,325.94937790125266,230.8390887833995,33.52113079824075,79.06438704963136,5.857158236169205,-1.8301270189221936,215.67204706625492
279,79.06438704963136,62.61638687556676,10.611024141121588,9.274449786766809,-3.227096936795573,5.752670592568365,2.656865167015571,-2.7137179857375906,2.395023182817826,289.2335410711703,229.2757628901546,31.888437434183704,79.06438704963136,5.857158236169205,-1.8301270189221936,215.67204706625492
280,79.06438704963136,62.78308191458339,10.079613851315685,9.274449786766809,-3.169967424891147,5.8321066765654965,5.279513956711028,-2.7607926395917595,2.7234640419447773,289.2335410711703,227.4824434528452,27.313688474085964,79.06438704963136,5.857158236169205,-1.8301270189221936,215.67204706625492
281,79.59841581424759,62.427488147963565,10.252999786518739,13.428623502902617,-3.6703378342348496,6.594145201773554,3.8284325835077855,-2.4284915043443167,2.447374999511523,289.2335410711703,224.43377355973618,31.309347476420427,79.59841581424759,13.428623502902617,-1.8301270189221936,177.18744334369998
282,79.59841581424759,63.59153427545479,9.945993090859789,13.428623502902617,-3.5119417547579235,6.885429981182348,5.510421191718201,-2.3296402878645406,2.601511831894342,289.2335410711703,223.8358133295229,29.66531375547771,79.59841581424759,13.428623502902617,-1.8301270189221936,177.18744334369998
283,79.59841581424759,62.91401457776782,10.575175159183546,13.428623502902617,-3.3549318992222528,6.86270791139572,3.8284325835077855,-2.1235315962784247,2.2256310380560245,289.2335410711703,226.82245559979128,33.06888986056767,79.59841581424759,13.428623502902617,-1.8301270189221936,177.18744334369998
284,79.59841581424759,63.17690865267728,10.103091855629941,13.428623502902617,-3.0199701762555957,7.129517687466149,3.8284325835077855,-2.477615752104886,2.8540730249563313,289.2335410711703,225.59364696587528,34.39301552188112,79.59841581424759,13.428623502902617,-1.8301270189221936,177.18744334369998
285,79.59841581424759,63.05683017442087,11.008588245829644,16.822813243799978,-3.1061511270030717,7.435423872702934,3.8284325835077855,-2.375070676906984,2.604140213935743,291.51734450275137,229.72962103381929,32.83844897016885,79.59841581424759,13.428623502902617,-1.8301270189221936,177.18744334369998
286,79.59841581424759,61.991934831904565,11.302261044079644,13.428623502902617,-3.194014397423871,7.558362389996837,6.5479212008828505,-2.5237099933534255,2.8367877734898403,291.51734450275137,228.78035328278554,32.02649298586527,79.59841581424759,13.428623502902617,-1.8301270189221936,177.18744334369998
287,79.59841581424759,61.84059517716696,11.756497126548224,13.428623502902617,-3.1143368054571487,7.479083772166013,3.8284325835077855,-2.5552195085843694,2.6549385126246623,291.51734450275137,225.3543715155204,34.59668507273851,79.59841581424759,13.428623502902617,-1.8301270189221936,177.18744334369998
288,79.59841581424759,62.35505368203838,10.600216473296076,13.428623502902617,-3.4861295256211884,7.6891883820996405,4.066507068988795,-2.25681095151522,2.552304338066355,295.92328017300133,227.05497321836728,35.18649362179678,79.59841581424759,13.428623502902617,-1.8301270189221936,177.18744334369998
289,79.59841581424759,62.59253217340208,10.186947318733736,13.428623502902617,-3.0435286462468856,7.665232441648823,5.510421191718201,-2.6798053124660943,2.561113494593711,295.92328017300133,225.84110698400352,33.70194320038389,79.59841581424759,13.428623502902617,-1.8301270189221936,177.18744334369998
290,79.59841581424759,62.152691318351025,10.281943059833651,13.428623502902617,-3.517693126231533,7.783990093594753,5.510421191718201,-2.5388218955890536,2.5854021244026697,295.92328017300133,223.20462623881045,38.02693972806018,79.59841581424759,13.428623502902617,-1.8301270189221936,177.18744334369998
291,79.59841581424759,62.199948745557485,9.843297213271331,13.428623502902617,-3.6642853579697277,7.73006475736313,5.510421191718201,-2.6681723580664793,3.0448828275946105,295.92328017300133,227.9515514457332,33.02105890795827,79.59841581424759,13.428623502902617,-1.8301270189221936,177.18744334369998
292,79.59841581424759,62.68586704564421,9.834028981731315,13.428623502902617,-3.370034317902183,7.712427516352082,5.510421191718201,-2.6036985083342357,2.6015609459802667,295.92328017300133,224.55507384069514,31.743452902696166,79.59841581424759,13.428623502902617,-1.8301270189221936,177.18744334369998
293,79.59841581424759,62.702400219910466,10.518466953074137,13.428623502902617,-2.0823073392623006,7.892513323029496,3.3897428406943657,-3.256788615529079,2.6994157461844073,278.7501520681828,222.8532322973627,32.05405276888564,79.59841581424759,13.428623502902617,-1.8301270189221936,177.18744334369998
294,79.59841581424759,61.98093763294,11.295534801788847,13.428623502902617,-2.150680466257339,8.012116642084335,3.3897428406943657,-3.020600864088903,2.8443435147379446,284.7184228569998,222.21105485328397,33.962752037442094,79.59841581424759,13.428623502902617,-1.8301270189221936,177.18744334369998
295,79.59841581424759,62.04400183392388,10.491777011849058,13.428623502902617,-2.5853017576787756,8.210127103201485,3.819660112501051,-3.187163633389142,2.8212221739574304,285.43174868554587,221.15372809341093,34.001568206300746,79.59841581424759,13.428623502902617,-1.8301270189221936,177.18744334369998
296,79.59841581424759,61.86096385389042,10.823080564974818,13.428623502902617,-2.6271456795072616,8.280299804857902,3.819660112501051,-2.922534056176257,2.6630222111245425,276.8643258710793,220.86233499859023,37.511508653683755,79.59841581424759,13.428623502902617,-1.8301270189221936,177.18744334369998
297,79.59841581424759,62.21889743783071,11.077565080598454,13.428623502902617,-2.751034927072124,8.400582790546531,2.7552105958591007,-2.7252983772808084,2.5082576334877515,276.8643258710793,218.00417275869322,37.763626432254775,79.59841581424759,13.428623502902617,-1.8301270189221936,177.18744334369998
298,79.59841581424759,62.404116624716224,10.505441802042762,13.428623502902617,-2.1343447362469234,8.289718381757341,3.5805890929249458,-3.0893621721767035,2.7424523245786863,294.6683594605494,216.45065963079028,38.08843928162749,79.59841581424759,13.428623502902617,-1.8301270189221936,177.18744334369998
299,79.59841581424759,62.51391186902238,10.830687999266384,13.428623502902617,-2.236385339649765,8.559591757285434,4.181552367277963,-2.807205654225254,2.8217225012049587,296.20668018257646,214.6445884308194,38.00194139169478,79.59841581424759,13.428623502902617,-1.8301270189221936,177.18744334369998
300,79.59841581424759,62.39795723821859,10.83930237336646,13.428623502902617,-2.5771422371649737,8.297470368493851,2.7525512860841097,-2.8781782197627166,2.553933883596906,286.75016212724404,217.76346817430115,38.63080644987253,79.59841581424759,13.428623502902617,-1.8301270189221936,177.18744334369998
